{"mse": 0.025463035969066416, "mape": 0.25484916765354376, "status": "S"}