{"mse": 0.016965357539546536, "mape": 0.10654278994007461, "status": "S"}