{"mse": 0.013765300765431423, "mape": 0.03486926946156649, "status": "S"}