{"mse": 0.02247355274986082, "mape": 0.032965326137087386, "status": "S"}